"resistance","intersects","x","y","CI.l","CI.u","sign.check","Prob"
0.00224873274884525,9,23904.21923799,49289.6841446,-0.00205239833954523,0.00654986383723572,-1,0.748
0.00224873274884525,9,24708.60242033,49289.6841446,-0.00205239833954523,0.00654986383723572,-1,0.716
0.00221827102458069,27,25512.98560267,49289.6841446,-0.0011231061861535,0.00555964823531489,-1,0.854
0.00220304016244841,18,26317.36878501,49289.6841446,-0.00262813125082098,0.00703421157571781,-1,0.816
0.00224873274884525,9,23099.83605565,48439.6666938,-0.00205239833954523,0.00654986383723572,-1,0.737
0.00224873274884525,9,23904.21923799,48439.6666938,-0.00205239833954523,0.00654986383723572,-1,0.714
0.00220304016244841,18,26317.36878501,48439.6666938,-0.00262813125082098,0.00703421157571781,-1,0.791
0.00410590189757137,9,27121.75196735,48439.6666938,-0.00486138913817342,0.0130731929333162,-1,0.864
0.00224873274884525,9,21491.06969097,47589.649243,-0.00205239833954523,0.00654986383723572,-1,0.722
0.00224873274884525,9,22295.45287331,47589.649243,-0.00205239833954523,0.00654986383723572,-1,0.734
0.00224873274884525,9,23099.83605565,47589.649243,-0.00205239833954523,0.00654986383723572,-1,0.746
0.000300178427325462,9,26317.36878501,47589.649243,-0.00546834425311772,0.00606870110776864,-1,0.565
0.00220304016244841,18,27121.75196735,47589.649243,-0.00262813125082098,0.00703421157571781,-1,0.801
0.00410590189757137,9,27926.13514969,47589.649243,-0.00486138913817342,0.0130731929333162,-1,0.841
0.00161769387974541,54,20686.68650863,46739.6317922,-0.00165576171893,0.00489114947842082,-1,0.832
0.000110523639157402,27,21491.06969097,46739.6317922,-0.00323330228041559,0.00345434955873039,-1,0.503
-0.000958580915686519,18,22295.45287331,46739.6317922,-0.00570011216694476,0.00378295033557172,-1,0.374
-0.000958580915686519,18,23099.83605565,46739.6317922,-0.00570011216694476,0.00378295033557172,-1,0.36
-0.000958580915686519,18,23904.21923799,46739.6317922,-0.00570011216694476,0.00378295033557172,-1,0.358
-0.000958580915686519,18,24708.60242033,46739.6317922,-0.00570011216694476,0.00378295033557172,-1,0.374
2.00676584057252e-05,9,25512.98560267,46739.6317922,-0.00912275237627103,0.00916288769308248,-1,0.525
2.00676584057252e-05,9,26317.36878501,46739.6317922,-0.00912275237627103,0.00916288769308248,-1,0.498
0.000160123042865593,18,27121.75196735,46739.6317922,-0.00463814346336084,0.00495838954909202,-1,0.545
0.0014373988821824,27,27926.13514969,46739.6317922,-0.00311529950618091,0.00599009727054571,-1,0.756
0.0025586064176316,63,28730.51833203,46739.6317922,-0.000916680669727944,0.00603389350499115,-1,0.961
-0.00136760631775047,9,19882.30332629,45889.6143414,-0.00677078864802988,0.00403557601252894,-1,0.378
0.00312486412033341,27,20686.68650863,45889.6143414,-0.00270286181550988,0.0089525900561767,-1,0.901
-0.00193722948977876,9,24708.60242033,45889.6143414,-0.00734839471606279,0.00347393573650526,-1,0.314
-0.00193722948977876,9,25512.98560267,45889.6143414,-0.00734839471606279,0.00347393573650526,-1,0.332
-0.00193722948977876,9,26317.36878501,45889.6143414,-0.00734839471606279,0.00347393573650526,-1,0.312
0.00212756831616899,81,27121.75196735,45889.6143414,-0.00070315534874529,0.00495829198108328,-1,0.956
0.00128307064565574,36,27926.13514969,45889.6143414,-0.00303492634178682,0.0056010676330983,-1,0.752
0.00339951206921851,36,28730.51833203,45889.6143414,-0.00181179500778787,0.00861081914622488,-1,0.958
-0.000407017037959953,18,29534.90151437,45889.6143414,-0.00567529980602373,0.00486126573010382,-1,0.449
-0.00136760631775047,9,19882.30332629,45039.5968906,-0.00677078864802988,0.00403557601252894,-1,0.381
0.00537109933937535,18,20686.68650863,45039.5968906,-0.00313594762838326,0.013878146307134,-1,0.964
0.00615267338227804,18,26317.36878501,45039.5968906,-0.00284917073250881,0.0151545174970649,-1,0.981
0.00521762777511709,27,27121.75196735,45039.5968906,-0.000842371467747699,0.0112776270179819,-1,0.981
0.00207339801321201,36,27926.13514969,45039.5968906,-0.00199574816641812,0.00614254419284214,-1,0.851
0.00214026129251938,36,28730.51833203,45039.5968906,-0.00282131772419632,0.00710184030923508,-1,0.88
-0.000633323944356741,27,29534.90151437,45039.5968906,-0.00425753909364836,0.00299089120493488,-1,0.424
0.00227575583050676,9,30339.28469671,45039.5968906,-0.0062228309009166,0.0107743425619301,-1,0.735
-0.00136760631775047,9,19077.92014395,44189.5794398,-0.00677078864802988,0.00403557601252894,-1,0.392
-0.00136760631775047,9,19882.30332629,44189.5794398,-0.00677078864802988,0.00403557601252894,-1,0.407
0.00537109933937535,18,20686.68650863,44189.5794398,-0.00313594762838326,0.013878146307134,-1,0.965
0.011013217393068,9,21491.06969097,44189.5794398,-0.0058923793484505,0.0279188141345865,-1,0.992
-0.00124993817852078,9,24708.60242033,44189.5794398,-0.00749163507765339,0.00499175872061184,-1,0.368
0.00615267338227804,18,25512.98560267,44189.5794398,-0.00284917073250881,0.0151545174970649,-1,0.981
0.00615267338227804,18,26317.36878501,44189.5794398,-0.00284917073250881,0.0151545174970649,-1,0.983
0.00707231461778223,18,27926.13514969,44189.5794398,5.02329503648553e-06,0.014139605940528,1,0.993
0.00321566097574261,27,28730.51833203,44189.5794398,-0.00333506313676789,0.00976638508825312,-1,0.927
-0.00208786383178849,18,29534.90151437,44189.5794398,-0.00607008730276094,0.00189435963918395,-1,0.227
-0.000633323944356741,27,30339.28469671,44189.5794398,-0.00425753909364836,0.00299089120493488,-1,0.422
0.00227575583050676,9,31143.66787905,44189.5794398,-0.0062228309009166,0.0107743425619301,-1,0.746
0.00227575583050676,9,31948.05106139,44189.5794398,-0.0062228309009166,0.0107743425619301,-1,0.727
-0.00136760631775047,9,19077.92014395,43339.561989,-0.00677078864802988,0.00403557601252894,-1,0.418
-0.00027101871431729,9,20686.68650863,43339.561989,-0.00654107278622947,0.0059990353575949,-1,0.521
0.011013217393068,9,21491.06969097,43339.561989,-0.0058923793484505,0.0279188141345865,-1,0.997
-0.00124993817852078,9,23904.21923799,43339.561989,-0.00749163507765339,0.00499175872061184,-1,0.4
0.00615267338227804,18,24708.60242033,43339.561989,-0.00284917073250881,0.0151545174970649,-1,0.981
0.0135552849430769,9,25512.98560267,43339.561989,-0.00375393029371743,0.0308645001798711,-1,1
0.00707231461778223,18,27926.13514969,43339.561989,5.02329503648553e-06,0.014139605940528,1,0.993
0.00321566097574261,27,28730.51833203,43339.561989,-0.00333506313676789,0.00976638508825312,-1,0.903
-0.0047650994255661,9,29534.90151437,43339.561989,-0.010177093402094,0.000646894550961789,-1,0.098
-0.00208786383178849,18,30339.28469671,43339.561989,-0.00607008730276094,0.00189435963918395,-1,0.242
-0.00108593775715032,9,31143.66787905,43339.561989,-0.0055645807886711,0.00339270527437047,-1,0.444
0.000594909036678224,18,31948.05106139,43339.561989,-0.00375436068696829,0.00494417876032474,-1,0.6
0.00227575583050676,9,32752.43424373,43339.561989,-0.0062228309009166,0.0107743425619301,-1,0.742
-0.00136760631775047,9,18273.53696161,42489.5445382,-0.00677078864802988,0.00403557601252894,-1,0.361
-0.00136760631775047,9,19077.92014395,42489.5445382,-0.00677078864802988,0.00403557601252894,-1,0.397
-0.00027101871431729,9,20686.68650863,42489.5445382,-0.00654107278622947,0.0059990353575949,-1,0.482
0.011013217393068,9,21491.06969097,42489.5445382,-0.0058923793484505,0.0279188141345865,-1,0.993
-0.00124993817852078,9,23099.83605565,42489.5445382,-0.00749163507765339,0.00499175872061184,-1,0.405
0.00615267338227804,18,23904.21923799,42489.5445382,-0.00284917073250881,0.0151545174970649,-1,0.975
0.0135552849430769,9,24708.60242033,42489.5445382,-0.00375393029371743,0.0308645001798711,-1,0.999
0.00707231461778223,18,27926.13514969,42489.5445382,5.02329503648553e-06,0.014139605940528,1,0.992
0.00840305834252107,27,28730.51833203,42489.5445382,0.0011873480833365,0.0156187686017056,1,1
-0.0047650994255661,9,29534.90151437,42489.5445382,-0.010177093402094,0.000646894550961789,-1,0.105
-0.00392744466599638,18,30339.28469671,42489.5445382,-0.00812234738348466,0.000267458051491889,-1,0.079
-0.00308978990642667,9,31143.66787905,42489.5445382,-0.0107788216226902,0.00459924180983684,-1,0.218
-0.00108593775715032,9,31948.05106139,42489.5445382,-0.0055645807886711,0.00339270527437047,-1,0.416
0.000594909036678224,18,32752.43424373,42489.5445382,-0.00375436068696829,0.00494417876032474,-1,0.578
0.00227575583050676,9,33556.81742607,42489.5445382,-0.0062228309009166,0.0107743425619301,-1,0.764
-0.00136760631775047,9,18273.53696161,41639.5270874,-0.00677078864802988,0.00403557601252894,-1,0.386
-0.00027101871431729,9,20686.68650863,41639.5270874,-0.00654107278622947,0.0059990353575949,-1,0.495
0.011013217393068,9,21491.06969097,41639.5270874,-0.0058923793484505,0.0279188141345865,-1,0.991
-0.00124993817852078,9,22295.45287331,41639.5270874,-0.00749163507765339,0.00499175872061184,-1,0.378
0.00615267338227804,18,23099.83605565,41639.5270874,-0.00284917073250881,0.0151545174970649,-1,0.977
0.0135552849430769,9,23904.21923799,41639.5270874,-0.00375393029371743,0.0308645001798711,-1,0.999
0.00334753656079519,9,27926.13514969,41639.5270874,-0.0026297323881674,0.00932480550975778,-1,0.815
0.00840305834252107,27,28730.51833203,41639.5270874,0.0011873480833365,0.0156187686017056,1,0.999
-0.0047650994255661,9,30339.28469671,41639.5270874,-0.010177093402094,0.000646894550961789,-1,0.095
-0.00392744466599638,18,31143.66787905,41639.5270874,-0.00812234738348466,0.000267458051491889,-1,0.063
-0.00108593775715032,9,32752.43424373,41639.5270874,-0.0055645807886711,0.00339270527437047,-1,0.429
0.000594909036678224,18,33556.81742607,41639.5270874,-0.00375436068696829,0.00494417876032474,-1,0.594
0.000594909036678224,18,34361.20060841,41639.5270874,-0.00375436068696829,0.00494417876032474,-1,0.603
0.00136063002716984,39,17469.15377927,40789.5096366,-0.00161193853154759,0.00433319858588727,-1,0.762
0.00305825974202126,90,18273.53696161,40789.5096366,0.000688494374762083,0.00542802510928043,1,0.993
0.00917410682287679,18,19077.92014395,40789.5096366,0.00113258951466026,0.0172156241310933,1,0.998
-0.00027101871431729,9,20686.68650863,40789.5096366,-0.00654107278622947,0.0059990353575949,-1,0.494
0.00488163960727361,18,21491.06969097,40789.5096366,-0.00370957098520701,0.0134728501997542,-1,0.95
0.00615267338227804,18,22295.45287331,40789.5096366,-0.00284917073250881,0.0151545174970649,-1,0.978
0.0135552849430769,9,23099.83605565,40789.5096366,-0.00375393029371743,0.0308645001798711,-1,0.996
0.00334753656079519,9,27926.13514969,40789.5096366,-0.0026297323881674,0.00932480550975778,-1,0.816
0.00840305834252107,27,28730.51833203,40789.5096366,0.0011873480833365,0.0156187686017056,1,1
-0.00392744466599638,18,31143.66787905,40789.5096366,-0.00812234738348466,0.000267458051491889,-1,0.057
0.00116802901021223,27,31948.05106139,40789.5096366,-0.00444235882031634,0.0067784168407408,-1,0.724
0.0113589763626295,9,32752.43424373,40789.5096366,-0.00254611068944798,0.0252640634147069,-1,0.993
0.00208207680984689,48,33556.81742607,40789.5096366,-0.000903022205066938,0.00506717582476071,-1,0.883
-0.000249884776088331,189,34361.20060841,40789.5096366,-0.0013717146080801,0.000871945055903439,-1,0.402
0.000775290793289879,33,35165.58379075,40789.5096366,-0.00169054418272956,0.00324112576930932,-1,0.655
0.00552634337200652,15,35969.96697309,40789.5096366,0.00332244059589131,0.00773024614812173,1,0.956
0.00631034696130637,6,36774.35015543,40789.5096366,0.0020064503382042,0.0106142435844085,1,0.904
9.39176883808438e-05,15,44013.79879649,40789.5096366,-0.00465561761775467,0.00484345299451635,-1,0.534
-0.00110192073598793,33,44818.18197883,40789.5096366,-0.00413222866473383,0.00192838719275797,-1,0.302
-0.00189086513673757,21,16664.77059693,39939.4921858,-0.00547715425214732,0.00169542397867219,-1,0.25
0.00136063002716984,39,17469.15377927,39939.4921858,-0.00161193853154759,0.00433319858588727,-1,0.778
0.00288972249042756,24,18273.53696161,39939.4921858,-0.00141906687983839,0.00719851186069352,-1,0.884
0.0105294505817465,24,19077.92014395,39939.4921858,0.00435357129774966,0.0167053298657433,1,1
0.00917410682287679,18,19882.30332629,39939.4921858,0.00113258951466026,0.0172156241310933,1,0.996
0.00906311076899725,66,20686.68650863,39939.4921858,0.00435721492822401,0.0137690066097705,1,1
0.0137135786864349,165,21491.06969097,39939.4921858,0.0104028148875432,0.0170243424853267,1,1
0.0188775807678945,18,22295.45287331,39939.4921858,0.00656867317079017,0.0311864883649989,1,1
0.0241998765927122,9,23099.83605565,39939.4921858,0.00341603317232364,0.0449837200131008,1,1
0.0182493045107784,18,23904.21923799,39939.4921858,0.0062240588671076,0.0302745501544493,1,1
0.0182493045107784,18,24708.60242033,39939.4921858,0.0062240588671076,0.0302745501544493,1,1
0.0182493045107784,18,25512.98560267,39939.4921858,0.0062240588671076,0.0302745501544493,1,1
0.0182493045107784,18,26317.36878501,39939.4921858,0.0062240588671076,0.0302745501544493,1,1
0.0182493045107784,18,27121.75196735,39939.4921858,0.0062240588671076,0.0302745501544493,1,1
0.0132820485274507,27,27926.13514969,39939.4921858,0.00487000405317558,0.0216940930017258,1,1
0.0110910219251619,237,28730.51833203,39939.4921858,0.00867552710116745,0.0135065167491564,1,1
0.0088615520130098,36,29534.90151437,39939.4921858,0.00259952978888035,0.0151235742371393,1,1
0.00989327535519379,18,30339.28469671,39939.4921858,0.000339653784656512,0.0194468969257311,1,0.997
0.00989327535519379,18,31143.66787905,39939.4921858,0.000339653784656512,0.0194468969257311,1,1
0.00183567938086686,36,31948.05106139,39939.4921858,-0.00243340372091925,0.00610476248265298,-1,0.857
-0.00142235565817117,45,32752.43424373,39939.4921858,-0.00369800873011717,0.000853297413774833,-1,0.212
-0.000808728232657464,72,33556.81742607,39939.4921858,-0.00226517181812063,0.000647715352805706,-1,0.295
-0.00203845409324577,90,34361.20060841,39939.4921858,-0.00327051248190891,-0.000806395704582626,1,0.047
-0.0032370425852957,33,35165.58379075,39939.4921858,-0.00517493517108039,-0.00129914999951102,1,0.053
-0.000454721688491564,27,35969.96697309,39939.4921858,-0.00318526257022044,0.00227581919323731,-1,0.441
0.00552634337200652,15,36774.35015543,39939.4921858,0.00332244059589131,0.00773024614812173,1,0.957
0.00552634337200652,15,37578.73333777,39939.4921858,0.00332244059589131,0.00773024614812173,1,0.956
0.00631034696130637,6,38383.11652011,39939.4921858,0.0020064503382042,0.0106142435844085,1,0.903
0.00631034696130637,6,39187.49970245,39939.4921858,0.0020064503382042,0.0106142435844085,1,0.905
0.00631034696130637,6,39991.88288479,39939.4921858,0.0020064503382042,0.0106142435844085,1,0.897
0.00455750720129492,6,42405.03243181,39939.4921858,-0.00273476264655877,0.0118497770491486,-1,0.843
9.39176883808438e-05,15,43209.41561415,39939.4921858,-0.00465561761775467,0.00484345299451635,-1,0.515
-0.00110192073598793,33,44013.79879649,39939.4921858,-0.00413222866473383,0.00192838719275797,-1,0.294
-0.00209845275629525,18,44818.18197883,39939.4921858,-0.00639327122314239,0.0021963657105519,-1,0.237
-0.00189086513673757,21,15860.38741459,39089.474735,-0.00547715425214732,0.00169542397867219,-1,0.24
-0.00143989707983303,30,16664.77059693,39089.474735,-0.00415279199909397,0.0012729978394279,-1,0.256
0.00515404105172848,18,17469.15377927,39089.474735,0.000525225117337279,0.00978285698611969,1,0.949
-0.00102013052457212,27,18273.53696161,39089.474735,-0.00396370848276933,0.00192344743362509,-1,0.33
0.00512735840711455,60,19077.92014395,39089.474735,0.00126945648218759,0.00898526033204151,1,1
0.00570037783632796,93,19882.30332629,39089.474735,0.00264752617899185,0.00875322949366406,1,1
0.00572639519161713,198,20686.68650863,39089.474735,0.00359392128676735,0.00785886909646691,1,1
0.0135708474591558,99,21491.06969097,39089.474735,0.00936526364001275,0.0177764312782989,1,1
0.0102457789808122,45,22295.45287331,39089.474735,0.00453714059727013,0.0159544173643543,1,1
0.00904966837926543,36,23099.83605565,39089.474735,0.00274957700026126,0.0153497597582696,1,1
0.011710494399115,27,23904.21923799,39089.474735,0.00357420840485405,0.019846780393376,1,1
0.0135475024964691,6,26317.36878501,39089.474735,-0.00684977453333188,0.0339447795262701,-1,0.994
0.0204777680721326,9,27121.75196735,39089.474735,0.00436809937181076,0.0365874367724545,1,1
0.0129412400091091,30,27926.13514969,39089.474735,0.00650451016222298,0.0193779698559952,1,1
0.0108095346069912,165,28730.51833203,39089.474735,0.00801762169566588,0.0136014475183164,1,1
0.00943150342159691,87,29534.90151437,39089.474735,0.00555984576275891,0.0133031610804349,1,1
0.00753105401313137,39,30339.28469671,39089.474735,0.00225020236295293,0.0128119056633098,1,1
0.00365746254658113,45,31143.66787905,39089.474735,-0.00045596230001736,0.00777088739317963,-1,0.982
-0.00149941390852882,108,31948.05106139,39089.474735,-0.00361074720149725,0.000611919384439612,-1,0.113
-0.00339324380102745,234,32752.43424373,39089.474735,-0.00446356025616071,-0.00232292734589419,1,0
-0.00246045674952859,108,33556.81742607,39089.474735,-0.00366146927360907,-0.00125944422544812,1,0.01
-0.00126322734432803,66,34361.20060841,39089.474735,-0.0028324137250966,0.000305959036440547,-1,0.168
-0.000146796564212169,39,35165.58379075,39089.474735,-0.00200670772688356,0.00171311459845922,-1,0.476
-0.000943768237939008,33,35969.96697309,39089.474735,-0.00334671925768155,0.00145918278180353,-1,0.328
0.000870201339791335,24,36774.35015543,39089.474735,-0.00200155429789889,0.00374195697748156,-1,0.632
0.00256463594677214,24,37578.73333777,39089.474735,-0.000148082913277747,0.00527735480682202,-1,0.857
0.00445550887447225,15,38383.11652011,39089.474735,0.00173116967542052,0.00717984807352398,1,0.915
0.0028235915255436,21,39187.49970245,39089.474735,0.000472784587364663,0.00517439846372255,1,0.852
0.00359842606682422,27,39991.88288479,39089.474735,0.00158392955499093,0.00561292257865751,1,0.94
0.00289580194399969,18,40796.26606713,39089.474735,0.0001557954903491,0.00563580839765027,1,0.849
0.00244957482988326,68,41600.64924947,39089.474735,0.000748390583645601,0.00415075907612091,1,0.951
9.39176883808438e-05,15,42405.03243181,39089.474735,-0.00465561761775467,0.00484345299451635,-1,0.533
-0.00235957138871746,27,43209.41561415,39089.474735,-0.00570620652667408,0.000987063749239167,-1,0.131
-0.00209845275629525,18,44013.79879649,39089.474735,-0.00639327122314239,0.0021963657105519,-1,0.232
-0.00177235102686439,9,14251.62104991,38239.4572842,-0.00801218000535607,0.00446747795162729,-1,0.307
-0.00177235102686439,9,15056.00423225,38239.4572842,-0.00801218000535607,0.00446747795162729,-1,0.362
-0.00189086513673757,21,15860.38741459,38239.4572842,-0.00547715425214732,0.00169542397867219,-1,0.227
0.00471229188792857,36,16664.77059693,38239.4572842,0.00013523355870848,0.00928935021714866,1,0.99
0.00615595930033368,51,17469.15377927,38239.4572842,0.00175658184593718,0.0105553367547302,1,1
0.00357277733903096,57,18273.53696161,38239.4572842,-0.00041953256943609,0.007565087247498,-1,0.982
0.00591725006930833,75,19077.92014395,38239.4572842,0.0023412881207445,0.00949321201787217,1,1
0.010302670012525,57,19882.30332629,38239.4572842,0.00553017933489704,0.0150751606901529,1,1
0.00709423294276566,66,20686.68650863,38239.4572842,0.00328499232165853,0.0109034735638728,1,1
0.0123998122931699,48,21491.06969097,38239.4572842,0.00633163903281842,0.0184679855535214,1,1
0.0127102245735376,18,22295.45287331,38239.4572842,0.00233637940880685,0.0230840697382684,1,1
0.00605931519041765,15,23099.83605565,38239.4572842,-0.00180145490676431,0.0139200852875996,-1,0.969
0.00898134802341723,33,23904.21923799,38239.4572842,0.00252931442617723,0.0154333816206572,1,1
0.00898134802341723,33,24708.60242033,38239.4572842,0.00252931442617723,0.0154333816206572,1,1
0.0110944272900874,36,25512.98560267,38239.4572842,0.00454260036851904,0.0176462542116558,1,1
0.0115050713114742,39,26317.36878501,38239.4572842,0.00529374252415087,0.0177164000987976,1,1
0.0253855493957876,6,27121.75196735,38239.4572842,0.00444702185585284,0.0463240769357224,1,1
0.00919120086748656,27,27926.13514969,38239.4572842,0.00313167409682783,0.0152507276381453,1,1
0.0097432118202588,78,28730.51833203,38239.4572842,0.00578813718952154,0.0136982864509961,1,1
0.00786398054221025,90,29534.90151437,38239.4572842,0.00448914077035422,0.0112388203140663,1,1
0.00590918727652433,69,30339.28469671,38239.4572842,0.00191474371531034,0.00990363083773833,1,1
0.00207811610156934,42,31143.66787905,38239.4572842,-0.00279748505753098,0.00695371726066965,-1,0.871
-0.00247628496387341,99,31948.05106139,38239.4572842,-0.00462251914173605,-0.000330050786010762,1,0.01
-0.00188137254386808,90,32752.43424373,38239.4572842,-0.00378504288811653,2.22978003803613e-05,-1,0.081
-0.00359895811086631,297,33556.81742607,38239.4572842,-0.00442646086678771,-0.00277145535494491,1,0
-0.00430266204802136,99,34361.20060841,38239.4572842,-0.00550132342533362,-0.0031040006707091,1,0
-0.00211477942475214,66,35165.58379075,38239.4572842,-0.00356999403940308,-0.000659564810101195,1,0.072
-0.00269109994474067,48,35969.96697309,38239.4572842,-0.00416777927316753,-0.00121442061631381,1,0.045
-0.00179272162356204,42,36774.35015543,38239.4572842,-0.00357808271458509,-7.36053253897525e-06,1,0.152
9.03341690741167e-05,33,37578.73333777,38239.4572842,-0.0019436000191144,0.00212426835726263,-1,0.525
9.03341690741167e-05,33,38383.11652011,38239.4572842,-0.0019436000191144,0.00212426835726263,-1,0.543
0.000344266582249929,24,39187.49970245,38239.4572842,-0.00177589311265703,0.00246442627715689,-1,0.59
0.00146363228840036,33,39991.88288479,38239.4572842,-0.000498276405831093,0.00342554098263182,-1,0.751
0.00159672247424415,63,40796.26606713,38239.4572842,-9.76421704060235e-05,0.00329108711889432,-1,0.862
0.00152497512771458,80,41600.64924947,38239.4572842,-6.59496911317005e-05,0.00311589994656087,-1,0.882
0.000777330191931565,51,42405.03243181,38239.4572842,-0.00148447645912795,0.00303913684299108,-1,0.712
-0.00209845275629525,18,43209.41561415,38239.4572842,-0.00639327122314239,0.0021963657105519,-1,0.216
-0.00177235102686439,9,13447.23786757,37389.4398334,-0.00801218000535607,0.00446747795162729,-1,0.354
-0.00177235102686439,9,14251.62104991,37389.4398334,-0.00801218000535607,0.00446747795162729,-1,0.343
0.00177042534682021,30,15056.00423225,37389.4398334,-0.00356477000856057,0.007105620702201,-1,0.808
0.00359139689319803,54,15860.38741459,37389.4398334,-0.000609772989050552,0.0077925667754466,-1,0.982
0.00517441966322526,60,16664.77059693,37389.4398334,0.00136408900942359,0.00898475031702693,1,0.999
0.00346078557087742,36,17469.15377927,37389.4398334,-0.00153543756086892,0.00845700870262376,-1,0.952
0.00631416426219597,30,18273.53696161,37389.4398334,0.000573292444926078,0.0120550360794659,1,0.997
0.00846168478424952,45,19077.92014395,37389.4398334,0.00313498896649496,0.0137883806020041,1,1
0.0125013760104992,30,19882.30332629,37389.4398334,0.00500459123627781,0.0199981607847205,1,1
0.00588077516356872,45,20686.68650863,37389.4398334,0.00205373068038849,0.00970781964674894,1,1
0.00990839866332274,66,21491.06969097,37389.4398334,0.0053555968652075,0.014461200461438,1,1
0.0107354469935873,45,22295.45287331,37389.4398334,0.00530900808936886,0.0161618858978056,1,1
0.0144371338307872,15,23099.83605565,37389.4398334,0.00357023562858326,0.0253040320329912,1,1
0.0343382992234596,3,23904.21923799,37389.4398334,-0.014101792145332,0.0827783905922512,-1,1
0.0343382992234596,3,24708.60242033,37389.4398334,-0.014101792145332,0.0827783905922512,-1,0.999
0.0146114900056515,12,25512.98560267,37389.4398334,0.00331877777726773,0.0259042022340353,1,1
0.00798395700531648,36,26317.36878501,37389.4398334,0.00234799326764498,0.013619920742988,1,1
0.00825432968263741,51,27121.75196735,37389.4398334,0.0036630207987863,0.0128456385664885,1,1
0.00646433458681511,141,27926.13514969,37389.4398334,0.00429404196270183,0.0086346272109284,1,1
0.00427921344745594,333,28730.51833203,37389.4398334,0.00304918361561051,0.00550924327930138,1,1
0.00543541592350238,81,29534.90151437,37389.4398334,0.00219730446907501,0.00867352737792976,1,1
0.00617895518849736,54,30339.28469671,37389.4398334,0.00150430153792894,0.0108536088390658,1,1
0.00160208035427122,45,31143.66787905,37389.4398334,-0.00243383427772982,0.00563799498627226,-1,0.809
-0.00218966715503515,117,31948.05106139,37389.4398334,-0.00421818501971085,-0.000161149290359442,1,0.013
-0.00139834839747224,87,32752.43424373,37389.4398334,-0.0032993931021477,0.000502696307203216,-1,0.119
-0.00374583657949318,195,33556.81742607,37389.4398334,-0.00488031742808664,-0.00261135573089972,1,0
-0.00508722122446203,87,34361.20060841,37389.4398334,-0.00640753009377861,-0.00376691235514544,1,0
-0.0050010960895815,75,35165.58379075,37389.4398334,-0.00643686365224271,-0.00356532852692029,1,0
-0.00475050196180549,42,35969.96697309,37389.4398334,-0.00615680395890133,-0.00334419996470964,1,0.003
-0.00543188124705867,39,36774.35015543,37389.4398334,-0.00709770422335531,-0.00376605827076203,1,0.002
-0.00471786090030068,27,37578.73333777,37389.4398334,-0.00675910733374223,-0.00267661446685914,1,0.009
-0.00204493847506538,18,38383.11652011,37389.4398334,-0.00561527403582781,0.00152539708569704,-1,0.273
-0.000738710090456248,30,39187.49970245,37389.4398334,-0.00360502560417407,0.00212760542326158,-1,0.382
-0.000299490857795606,25,39991.88288479,37389.4398334,-0.00357680871758276,0.00297782700199155,-1,0.461
0.000571390194011845,74,40796.26606713,37389.4398334,-0.00118148791624727,0.00232426830427096,-1,0.657
-0.000839010058003566,86,41600.64924947,37389.4398334,-0.00236418364107166,0.000686163525064531,-1,0.24
0.000867929202888752,108,42405.03243181,37389.4398334,-0.000479452673878242,0.00221531107965575,-1,0.78
0.00225624480713098,27,12642.85468523,36539.4223826,-0.00358614768794115,0.00809863730220311,-1,0.837
0.000917851940047018,39,13447.23786757,36539.4223826,-0.00329200304041372,0.00512770692050776,-1,0.709
0.00202173873655882,148,14251.62104991,36539.4223826,6.59258027227603e-05,0.00397755167039488,1,0.984
0.00179477119040945,124,15056.00423225,36539.4223826,-0.000420897661996691,0.00401044004281558,-1,0.943
0.00441248897072573,55,15860.38741459,36539.4223826,0.000897074735061992,0.00792790320638947,1,0.996
0.00549344694202992,58,16664.77059693,36539.4223826,0.00214733889852371,0.00883955498553614,1,0.999
0.00566880565290787,52,17469.15377927,36539.4223826,0.00195670735822436,0.00938090394759138,1,1
0.00908978277611741,47,18273.53696161,36539.4223826,0.00427046273856102,0.0139091028136738,1,1
0.00452880952408398,58,19077.92014395,36539.4223826,0.000729869491260339,0.00832774955690763,1,0.997
0.00417171122347322,117,19882.30332629,36539.4223826,0.00209338752231801,0.00625003492462842,1,1
0.00867020271966575,37,20686.68650863,36539.4223826,0.00421739177019892,0.0131230136691326,1,1
0.0102711013428825,50,21491.06969097,36539.4223826,0.00509968017063773,0.0154425225151272,1,1
0.0100660920157202,39,22295.45287331,36539.4223826,0.0044148044588045,0.015717379572636,1,1
0.00974981547592247,30,23099.83605565,36539.4223826,0.00361075194380565,0.0158888790080393,1,0.999
0.0169665893031779,12,23904.21923799,36539.4223826,0.00640969416040315,0.0275234844459527,1,1
0.0109328758219287,15,24708.60242033,36539.4223826,0.00419208106172668,0.0176736705821308,1,1
0.0108772165771386,18,25512.98560267,36539.4223826,0.00530838462184346,0.0164460485324338,1,1
0.0103087120404477,24,26317.36878501,36539.4223826,0.00445757107629331,0.0161598530046021,1,1
0.00776085603367976,54,27121.75196735,36539.4223826,0.00445096606617504,0.0110707460011845,1,1
0.00517890044950215,108,27926.13514969,36539.4223826,0.00294839153983571,0.00740940935916859,1,1
0.00307223049525981,183,28730.51833203,36539.4223826,0.00139705368674274,0.00474740730377688,1,0.999
0.00378552797003846,117,29534.90151437,36539.4223826,0.00130330144489764,0.00626775449517927,1,1
0.00372797486387102,114,30339.28469671,36539.4223826,0.00103303785955273,0.00642291186818931,1,1
-9.30553528982539e-05,96,31143.66787905,36539.4223826,-0.00281971482528446,0.00263360411948795,-1,0.485
-0.00239519161646309,123,31948.05106139,36539.4223826,-0.00423319389617148,-0.000557189336754709,1,0.01
-0.00232796095493887,132,32752.43424373,36539.4223826,-0.00385789503807133,-0.000798026871806419,1,0.006
-0.004133623790495,114,33556.81742607,36539.4223826,-0.00581203374406406,-0.00245521383692595,1,0
-0.00191112679910898,57,34361.20060841,36539.4223826,-0.00483781664259056,0.00101556304437259,-1,0.112
-0.00246100161632825,72,35165.58379075,36539.4223826,-0.00480119444552849,-0.000120808787128014,1,0.035
-0.00407715886157302,54,35969.96697309,36539.4223826,-0.00570511906952746,-0.00244919865361858,1,0.004
-0.00471804679549442,33,36774.35015543,36539.4223826,-0.00631994605269449,-0.00311614753829435,1,0.009
-0.00561217820804398,36,37578.73333777,36539.4223826,-0.00707242108593194,-0.00415193533015603,1,0.001
-0.00213194772300074,39,38383.11652011,36539.4223826,-0.00453792231903939,0.000274026873037917,-1,0.11
-0.00212913106348286,58,39187.49970245,36539.4223826,-0.00412681174673512,-0.000131450380230607,1,0.091
-0.00253201123461421,141,39991.88288479,36539.4223826,-0.00385591092925981,-0.0012081115399686,1,0.002
-0.00208051830321884,196,40796.26606713,36539.4223826,-0.00318358179208784,-0.000977454814349831,1,0.007
-0.00222960787257454,33,41600.64924947,36539.4223826,-0.00483285989970364,0.000373644154554554,-1,0.143
0.00649818067120665,9,11838.47150289,35689.4049318,0.0024641938933649,0.0105321674490484,1,0.957
0.000893574316008526,87,12642.85468523,35689.4049318,-0.0016048389781446,0.00339198761016165,-1,0.771
-0.000816887653738323,51,13447.23786757,35689.4049318,-0.00375176726991841,0.00211799196244176,-1,0.338
0.000165530175020103,42,14251.62104991,35689.4049318,-0.00341627210233559,0.0037473324523758,-1,0.545
0.0007255314398195,72,15056.00423225,35689.4049318,-0.00161562117179539,0.00306668405143439,-1,0.694
0.00243757114239192,108,15860.38741459,35689.4049318,0.000190258615364322,0.00468488366941952,1,0.984
0.00535882437130768,62,16664.77059693,35689.4049318,0.00199808423480097,0.00871956450781438,1,1
0.0122507925080833,44,17469.15377927,35689.4049318,0.00784400530519024,0.0166575797109763,1,1
0.0124181504351345,41,18273.53696161,35689.4049318,0.0076192381477668,0.0172170627225022,1,1
0.00839756214792535,34,19077.92014395,35689.4049318,0.00357336228465307,0.0132217620111976,1,1
0.00445894640723513,72,19882.30332629,35689.4049318,0.00189600350178237,0.00702188931268789,1,1
0.0074741206295447,67,20686.68650863,35689.4049318,0.00444151139093862,0.0105067298681508,1,1
0.017414436737816,130,21491.06969097,35689.4049318,0.0149051719842898,0.0199237014913422,1,1
0.0140739203376904,82,22295.45287331,35689.4049318,0.010820203887597,0.0173276367877839,1,1
0.0104711012459079,54,23099.83605565,35689.4049318,0.006388581063362,0.0145536214284538,1,1
0.00880184679635804,105,23904.21923799,35689.4049318,0.0067398293332535,0.0108638642594626,1,1
0.0076433539524653,31,24708.60242033,35689.4049318,0.00377885940285513,0.0115078485020755,1,0.999
0.00867363202321366,31,25512.98560267,35689.4049318,0.00423756168989975,0.0131097023565276,1,1
0.00811310138269614,48,26317.36878501,35689.4049318,0.00454979867914457,0.0116764040862477,1,1
0.00471887333216219,69,27121.75196735,35689.4049318,0.00195444123313715,0.00748330543118722,1,0.998
0.00303065785750627,84,27926.13514969,35689.4049318,0.00054525164800145,0.00551606406701109,1,0.984
0.00301077444015374,120,28730.51833203,35689.4049318,0.000871762870548769,0.00514978600975871,1,0.998
0.0017592394982039,135,29534.90151437,35689.4049318,-0.000246838005660911,0.00376531700206871,-1,0.951
-0.00210727049792742,315,30339.28469671,35689.4049318,-0.00318709878616333,-0.0010274422096915,1,0
-0.00183633051725528,171,31143.66787905,35689.4049318,-0.00352395939718548,-0.000148701637325077,1,0.016
-0.00191145940287152,168,31948.05106139,35689.4049318,-0.00337711683440182,-0.000445801971341214,1,0.018
-0.00330012485702751,144,32752.43424373,35689.4049318,-0.00485870363819234,-0.00174154607586268,1,0
-0.00307614409644499,78,33556.81742607,35689.4049318,-0.00546641691011309,-0.000685871282776887,1,0.009
-0.00499270566987253,75,34361.20060841,35689.4049318,-0.00674608601931718,-0.00323932532042789,1,0
-0.00258039078674233,102,35165.58379075,35689.4049318,-0.00441375325041922,-0.000747028323065434,1,0.014
-0.00233235094168119,75,35969.96697309,35689.4049318,-0.00459344758881044,-7.12542945519338e-05,1,0.038
-0.0037871207873247,72,36774.35015543,35689.4049318,-0.00615715306116037,-0.00141708851348904,1,0.001
-0.00324716522100204,66,37578.73333777,35689.4049318,-0.00512790281929025,-0.00136642762271383,1,0.005
-0.00281205936268959,103,38383.11652011,35689.4049318,-0.0043057559641058,-0.00131836276127338,1,0.003
-0.00314391268170802,111,39187.49970245,35689.4049318,-0.00459428224868717,-0.00169354311472887,1,0.002
-0.00241790262094027,118,39991.88288479,35689.4049318,-0.00389653389037507,-0.000939271351505472,1,0.011
-0.0022911099371434,35,40796.26606713,35689.4049318,-0.00474370976022842,0.00016148988594161,-1,0.111
0.00649818067120665,9,10229.70513821,34839.387481,0.0024641938933649,0.0105321674490484,1,0.94
0.00649818067120665,9,11034.08832055,34839.387481,0.0024641938933649,0.0105321674490484,1,0.947
0.00649818067120665,9,11838.47150289,34839.387481,0.0024641938933649,0.0105321674490484,1,0.951
0.00869965955220449,9,13447.23786757,34839.387481,0.0025173520400623,0.0148819670643467,1,0.975
-0.00157066794839565,21,14251.62104991,34839.387481,-0.00699979333895718,0.00385845744216587,-1,0.257
-0.000395536389813026,24,15056.00423225,34839.387481,-0.00557899460147112,0.00478792182184506,-1,0.461
0.00131252834396468,163,15860.38741459,34839.387481,-0.000483106902742868,0.00310816359067223,-1,0.925
0.00197376384878308,123,16664.77059693,34839.387481,-0.000320441075471112,0.00426796877303727,-1,0.96
0.00285551787543318,89,17469.15377927,34839.387481,0.000148515456833234,0.00556252029403312,1,0.989
0.00158777851321042,43,18273.53696161,34839.387481,-0.00267693267456111,0.00585248970098196,-1,0.817
0.00339997136709941,27,19077.92014395,34839.387481,-0.0023589913607003,0.00915893409489912,-1,0.915
0.00553581967093066,37,19882.30332629,34839.387481,0.000976918335321161,0.0100947210065402,1,0.995
0.00381726102531031,72,20686.68650863,34839.387481,0.000608433009648349,0.00702608904097226,1,0.996
0.0131442687818329,61,21491.06969097,34839.387481,0.00898757566013071,0.0173009619035351,1,1
0.0133662251054797,72,22295.45287331,34839.387481,0.0102757712103605,0.0164566790005989,1,1
0.0109421012815115,66,23099.83605565,34839.387481,0.00723353990489331,0.0146506626581296,1,1
0.0072555285920134,70,23904.21923799,34839.387481,0.00475040006470044,0.00976065711932635,1,1
0.00800355497865765,51,24708.60242033,34839.387481,0.00490109284741343,0.0111060171099019,1,1
0.00594125097699909,55,25512.98560267,34839.387481,0.00259450668652927,0.00928799526746892,1,0.999
0.00355566294814661,61,26317.36878501,34839.387481,0.000365333971581435,0.00674599192471178,1,0.985
0.00135797269548227,79,27121.75196735,34839.387481,-0.00120697409015301,0.00392291948111755,-1,0.849
0.00315393150331219,79,27926.13514969,34839.387481,0.000531712107148939,0.00577615089947544,1,0.99
0.00391388191860732,97,28730.51833203,34839.387481,0.0013762473670546,0.00645151647016004,1,0.997
0.00184850896739879,144,29534.90151437,34839.387481,-7.33641287108686e-05,0.00377038206350844,-1,0.975
0.00013310689863753,227,30339.28469671,34839.387481,-0.00113837662736411,0.00140459042463917,-1,0.588
-0.000912441130008814,261,31143.66787905,34839.387481,-0.00202313521100724,0.000198252950989616,-1,0.084
-0.000839521222960688,405,31948.05106139,34839.387481,-0.0018012428452985,0.00012220039937712,-1,0.077
-0.00355405081490858,186,32752.43424373,34839.387481,-0.00480631280137958,-0.00230178882843758,1,0
-0.000705730718649243,105,33556.81742607,34839.387481,-0.00294570659150711,0.00153424515420862,-1,0.254
-0.00253954509641632,66,34361.20060841,34839.387481,-0.00559978711616622,0.000520696923333573,-1,0.054
-0.00306992328653118,111,35165.58379075,34839.387481,-0.00504712028192302,-0.00109272629113934,1,0.003
-0.00411871196482486,168,35969.96697309,34839.387481,-0.00523535093004882,-0.00300207299960091,1,0
-0.0040813294964873,282,36774.35015543,34839.387481,-0.00505402786657988,-0.00310863112639472,1,0
-0.00398898283059344,115,37578.73333777,34839.387481,-0.00547920137947822,-0.00249876428170866,1,0
-0.00626082416813059,121,38383.11652011,34839.387481,-0.00759918830488711,-0.00492246003137407,1,0
-0.00552352985960457,167,39187.49970245,34839.387481,-0.00665000852703842,-0.00439705119217073,1,0
-0.00605660606575284,176,39991.88288479,34839.387481,-0.00705662827474692,-0.00505658385675876,1,0
-0.00282378689854068,3,40796.26606713,34839.387481,-0.00907979342509699,0.00343221962801563,-1,0.364
0.00649818067120665,9,8620.93877353,33989.3700302,0.0024641938933649,0.0105321674490484,1,0.935
0.00649818067120665,9,9425.32195587,33989.3700302,0.0024641938933649,0.0105321674490484,1,0.925
0.00649818067120665,9,10229.70513821,33989.3700302,0.0024641938933649,0.0105321674490484,1,0.937
0.00869965955220449,9,14251.62104991,33989.3700302,0.0025173520400623,0.0148819670643467,1,0.978
0.00933048478760106,30,15056.00423225,33989.3700302,0.00626132095280988,0.0123996486223922,1,0.999
0.0104705970833854,48,15860.38741459,33989.3700302,0.00621894673159611,0.0147222474351746,1,1
0.00573892995008259,73,16664.77059693,33989.3700302,0.00189413267724042,0.00958372722292475,1,0.999
-0.00179575228047494,124,17469.15377927,33989.3700302,-0.00403516645568355,0.000443661894733664,-1,0.046
-0.00172901551881778,98,18273.53696161,33989.3700302,-0.00423883152690523,0.000780800489269673,-1,0.058
-0.00237473266349464,63,19077.92014395,33989.3700302,-0.00455800233429095,-0.000191462992698341,1,0.054
-0.000566894400609996,50,19882.30332629,33989.3700302,-0.00295962224464199,0.001825833443422,-1,0.374
0.00129091315465137,68,20686.68650863,33989.3700302,-0.00163278826220836,0.0042146145715111,-1,0.827
0.0090312376788315,52,21491.06969097,33989.3700302,0.00458697820681441,0.0134754971508486,1,1
0.0083443199515161,60,22295.45287331,33989.3700302,0.00495687815173292,0.0117317617512993,1,1
0.00852237592396932,89,23099.83605565,33989.3700302,0.00537740150304573,0.0116673503448929,1,1
0.00742041180241396,67,23904.21923799,33989.3700302,0.00428493217183496,0.010555891432993,1,1
0.00785761325719855,80,24708.60242033,33989.3700302,0.00514106344482012,0.010574163069577,1,1
0.00326618829710098,83,25512.98560267,33989.3700302,0.000979243062832333,0.00555313353136962,1,0.998
0.00243269150631767,83,26317.36878501,33989.3700302,0.000141321667172922,0.00472406134546241,1,0.964
0.00251083170189423,86,27121.75196735,33989.3700302,0.00059632941640145,0.00442533398738702,1,0.969
0.00286117406372466,76,27926.13514969,33989.3700302,0.000544211036038431,0.00517813709141088,1,0.975
0.00269251057622452,107,28730.51833203,33989.3700302,0.000519207747057458,0.00486581340539158,1,0.992
0.0011304232009029,169,29534.90151437,33989.3700302,-0.000377312282022139,0.00263815868382794,-1,0.885
-0.00105268570125782,218,30339.28469671,33989.3700302,-0.00230192757178235,0.000196556169266716,-1,0.1
-0.00234979535963327,261,31143.66787905,33989.3700302,-0.00332824871349333,-0.00137134200577322,1,0
-0.00453229021077473,287,31948.05106139,33989.3700302,-0.00551455873894174,-0.00355002168260772,1,0
-0.00508335896040398,126,32752.43424373,33989.3700302,-0.00631422825311668,-0.00385248966769129,1,0
-0.00413816438813205,122,33556.81742607,33989.3700302,-0.00578513645804558,-0.00249119231821852,1,0
-0.00403004912945756,152,34361.20060841,33989.3700302,-0.00551351807469547,-0.00254658018421964,1,0
-0.00470825076065194,190,35165.58379075,33989.3700302,-0.00610721475255987,-0.00330928676874401,1,0
-0.00364552582167485,252,35969.96697309,33989.3700302,-0.00481951745390178,-0.00247153418944791,1,0
-0.0044167462756962,130,36774.35015543,33989.3700302,-0.00578918794986721,-0.00304430460152519,1,0
-0.00649662052865331,91,37578.73333777,33989.3700302,-0.00798702193751898,-0.00500621911978763,1,0
-0.00512745176776864,110,38383.11652011,33989.3700302,-0.00665034866630209,-0.00360455486923518,1,0
-0.00133472523302079,55,39187.49970245,33989.3700302,-0.00349604806272936,0.000826597596687787,-1,0.208
-0.00301662974013626,5,39991.88288479,33989.3700302,-0.00573430262447148,-0.000298956855801036,1,0.277
0.00649818067120665,9,7816.55559119,33139.3525794,0.0024641938933649,0.0105321674490484,1,0.937
0.00649818067120665,9,8620.93877353,33139.3525794,0.0024641938933649,0.0105321674490484,1,0.945
0.0120671762340274,126,15056.00423225,33139.3525794,0.00996756786320287,0.014166784604852,1,1
0.0129223923110357,96,15860.38741459,33139.3525794,0.0103366200292536,0.0155081645928178,1,1
0.0116783839299967,48,16664.77059693,33139.3525794,0.0084536975758657,0.0149030702841277,1,1
0.00599706582360848,42,17469.15377927,33139.3525794,0.00244762224341298,0.00954650940380398,1,0.999
0.00189160898522603,81,18273.53696161,33139.3525794,-0.000840672768186449,0.0046238907386385,-1,0.909
-0.000187908494880657,83,19077.92014395,33139.3525794,-0.00274085772877625,0.00236504073901494,-1,0.411
-0.00202562949354374,77,19882.30332629,33139.3525794,-0.00423915953793213,0.000187900550844656,-1,0.06
-0.00205209336618238,221,20686.68650863,33139.3525794,-0.00348719177679096,-0.000616994955573794,1,0.004
-0.000355807183635999,170,21491.06969097,33139.3525794,-0.0022521729375228,0.0015405585702508,-1,0.332
0.00136380847442212,95,22295.45287331,33139.3525794,-0.000974688377326743,0.00370230532617099,-1,0.864
0.00453786333665061,118,23099.83605565,33139.3525794,0.00193621971703759,0.00713950695626364,1,1
0.00621775103475308,115,23904.21923799,33139.3525794,0.00377982836089496,0.00865567370861121,1,1
0.00173762616998603,240,24708.60242033,33139.3525794,0.00029876852154504,0.00317648381842702,1,0.993
0.00115578086502687,173,25512.98560267,33139.3525794,-0.000436291607491043,0.00274785333754478,-1,0.891
0.00225182076503772,106,26317.36878501,33139.3525794,0.0001904917590742,0.00431314977100124,1,0.97
0.00152927207548797,92,27121.75196735,33139.3525794,-0.000670540517408404,0.00372908466838434,-1,0.891
0.00129696389735364,98,27926.13514969,33139.3525794,-0.000945878596001599,0.00353980639070888,-1,0.881
0.00132475171152451,131,28730.51833203,33139.3525794,-0.000614901046932009,0.00326440446998104,-1,0.9
-0.000610754989311765,175,29534.90151437,33139.3525794,-0.00208745113995099,0.000865941161327461,-1,0.248
-0.00218595085608906,232,30339.28469671,33139.3525794,-0.00325387227101784,-0.00111802944116028,1,0.002
-0.00370623576522725,234,31143.66787905,33139.3525794,-0.00478619870908287,-0.00262627282137164,1,0
-0.00426557742537788,168,31948.05106139,33139.3525794,-0.00556041748191453,-0.00297073736884123,1,0
-0.00355302426859773,169,32752.43424373,33139.3525794,-0.00478373506187891,-0.00232231347531656,1,0
-0.00551041979344191,172,33556.81742607,33139.3525794,-0.00659904922870184,-0.00442179035818199,1,0
-0.00460851090289744,230,34361.20060841,33139.3525794,-0.00574685130277951,-0.00347017050301537,1,0
-0.00503204094011217,215,35165.58379075,33139.3525794,-0.00622255227853278,-0.00384152960169156,1,0
-0.00292755107128921,316,35969.96697309,33139.3525794,-0.00399710615404505,-0.00185799598853338,1,0
-0.00365303944360063,106,36774.35015543,33139.3525794,-0.00514682263867871,-0.00215925624852255,1,0
-0.0027806017787646,111,37578.73333777,33139.3525794,-0.00431377712925736,-0.00124742642827185,1,0.001
-0.00343827837991623,142,38383.11652011,33139.3525794,-0.00482116641713649,-0.00205539034269598,1,0
-0.0104390614924104,58,39187.49970245,33139.3525794,-0.0119712879779086,-0.00890683500691228,1,0
0.00649818067120665,9,6207.78922651,32289.3351286,0.0024641938933649,0.0105321674490484,1,0.942
0.00649818067120665,9,7012.17240885,32289.3351286,0.0024641938933649,0.0105321674490484,1,0.94
0.00649818067120665,9,7816.55559119,32289.3351286,0.0024641938933649,0.0105321674490484,1,0.94
0.0144357365978026,15,15860.38741459,32289.3351286,0.00588421283084171,0.0229872603647636,1,1
0.0124965445192962,33,16664.77059693,32289.3351286,0.00780629107215986,0.0171867979664326,1,1
0.0124965445192962,33,17469.15377927,32289.3351286,0.00780629107215986,0.0171867979664326,1,1
0.00730078187783088,33,18273.53696161,32289.3351286,0.00270475625125162,0.0118968075044101,1,1
0.0048507226984657,65,19077.92014395,32289.3351286,0.00161315511698064,0.00808829027995075,1,0.998
0.00241477005516182,76,19882.30332629,32289.3351286,-0.000320639997045587,0.00515018010736922,-1,0.95
0.00153890933082166,80,20686.68650863,32289.3351286,-0.000919495509503751,0.00399731417114707,-1,0.88
0.000226747730872079,132,21491.06969097,32289.3351286,-0.00208353939141769,0.00253703485316185,-1,0.589
0.00088001035473264,131,22295.45287331,32289.3351286,-0.00138565462668246,0.00314567533614774,-1,0.783
0.00224063683548707,339,23099.83605565,32289.3351286,0.00107102948532107,0.00341024418565308,1,0.999
0.00173931698930368,259,23904.21923799,32289.3351286,0.000442082290133293,0.00303655168847407,1,0.991
0.0016564686741031,179,24708.60242033,32289.3351286,0.000125852250923249,0.00318708509728296,1,0.974
0.000410877218075529,148,25512.98560267,32289.3351286,-0.00133588906996751,0.00215764350611857,-1,0.685
0.000452972615402107,139,26317.36878501,32289.3351286,-0.0012445097986506,0.00215045502945481,-1,0.696
-0.000564633301779148,153,27121.75196735,32289.3351286,-0.00207074275876446,0.000941476155206165,-1,0.303
-0.000384852027018723,154,27926.13514969,32289.3351286,-0.00192877767316318,0.00115907361912574,-1,0.353
0.000571635303874706,194,28730.51833203,32289.3351286,-0.000905016566705889,0.0020482871744553,-1,0.764
-0.00144678141347798,474,29534.90151437,32289.3351286,-0.00225450955481077,-0.000639053272145177,1,0.002
-0.00331166997531167,538,30339.28469671,32289.3351286,-0.00398332205159309,-0.00264001789903026,1,0
-0.00454855904695261,334,31143.66787905,32289.3351286,-0.00534673761137534,-0.00375038048252988,1,0
-0.00477374626474392,291,31948.05106139,32289.3351286,-0.00555835546067198,-0.00398913706881586,1,0
-0.00428318868933343,432,32752.43424373,32289.3351286,-0.00502256435549076,-0.00354381302317611,1,0
-0.00539627498770593,193,33556.81742607,32289.3351286,-0.00653580240663897,-0.0042567475687729,1,0
-0.00564677891955492,172,34361.20060841,32289.3351286,-0.00687595662043154,-0.0044176012186783,1,0
-0.00587353930994865,188,35165.58379075,32289.3351286,-0.00703378889774525,-0.00471328972215206,1,0
-0.00611216472936636,254,35969.96697309,32289.3351286,-0.00711372709103669,-0.00511060236769604,1,0
-0.00226388104195685,190,36774.35015543,32289.3351286,-0.00339049876152619,-0.00113726332238751,1,0.002
-0.00209749632656906,217,37578.73333777,32289.3351286,-0.00317142817864426,-0.00102356447449385,1,0.001
-0.0130679017617738,13,38383.11652011,32289.3351286,-0.0154994269065683,-0.0106363766169794,1,0
0.00649818067120665,9,5403.40604417,31439.3176778,0.0024641938933649,0.0105321674490484,1,0.947
0.00649818067120665,9,6207.78922651,31439.3176778,0.0024641938933649,0.0105321674490484,1,0.942
0.0144357365978026,15,17469.15377927,31439.3176778,0.00588421283084171,0.0229872603647636,1,1
0.0144357365978026,15,18273.53696161,31439.3176778,0.00588421283084171,0.0229872603647636,1,1
0.0159546268866809,21,19077.92014395,31439.3176778,0.00929621829296791,0.0226130354803939,1,1
0.00539646976599044,35,19882.30332629,31439.3176778,0.000583834536750246,0.0102091049952306,1,0.995
0.0020946057295356,129,20686.68650863,31439.3176778,0.00014483971643263,0.00404437174263858,1,0.977
0.00265011006574166,108,21491.06969097,31439.3176778,0.000318228355218074,0.00498199177626524,1,0.985
0.00379137857005997,147,22295.45287331,31439.3176778,0.00155406066702512,0.00602869647309482,1,1
0.00184885528639068,148,23099.83605565,31439.3176778,4.05430133520303e-05,0.00365716755942933,1,0.974
0.000417084940613444,171,23904.21923799,31439.3176778,-0.00131248835883042,0.00214665824005731,-1,0.648
0.00140596987728227,204,24708.60242033,31439.3176778,-0.000121063657708004,0.00293300341227255,-1,0.954
0.000193091111752186,148,25512.98560267,31439.3176778,-0.00145545750668419,0.00184163973018856,-1,0.587
0.000474198963339121,185,26317.36878501,31439.3176778,-0.0011010108129605,0.00204940873963874,-1,0.704
0.000859188063723045,174,27121.75196735,31439.3176778,-0.000815876491196238,0.00253425261864233,-1,0.83
-0.000210829859093428,226,27926.13514969,31439.3176778,-0.00158723434690929,0.00116557462872244,-1,0.419
-0.000263320745138695,294,28730.51833203,31439.3176778,-0.00143324492574566,0.000906603435468269,-1,0.343
-0.00150849222086741,404,29534.90151437,31439.3176778,-0.00241906332994758,-0.000597921111787235,1,0.002
-0.00350492578471022,387,30339.28469671,31439.3176778,-0.00435751442361202,-0.00265233714580843,1,0
-0.00370798622152452,434,31143.66787905,31439.3176778,-0.00453210852533907,-0.00288386391770997,1,0
-0.00496442146775322,232,31948.05106139,31439.3176778,-0.00604118443960296,-0.00388765849590348,1,0
-0.00409402936970257,138,32752.43424373,31439.3176778,-0.00563339017126944,-0.0025546685681357,1,0
-0.0038968069064096,96,33556.81742607,31439.3176778,-0.00566404247603794,-0.00212957133678126,1,0
-0.00348375784287498,86,34361.20060841,31439.3176778,-0.00540421453826549,-0.00156330114748447,1,0.002
-0.0016621362041822,54,35165.58379075,31439.3176778,-0.00401090678131227,0.000686634372947876,-1,0.153
-0.00141419890537671,40,35969.96697309,31439.3176778,-0.00430766316714244,0.00147926535638902,-1,0.251
-1.92157380813691e-05,36,36774.35015543,31439.3176778,-0.00283124942973599,0.00279281795357325,-1,0.494
0.00649818067120665,9,5403.40604417,30589.300227,0.0024641938933649,0.0105321674490484,1,0.94
0.0144357365978026,15,19077.92014395,30589.300227,0.00588421283084171,0.0229872603647636,1,1
0.0144357365978026,15,19882.30332629,30589.300227,0.00588421283084171,0.0229872603647636,1,0.999
0.00675574764207978,35,20686.68650863,30589.300227,0.00126226240561268,0.0122492328785469,1,1
0.00414924860665552,55,21491.06969097,30589.300227,0.000423609672981618,0.00787488754032943,1,0.995
0.00760508364792399,184,22295.45287331,30589.300227,0.005556297263613,0.00965387003223497,1,1
0.00501216606892897,115,23099.83605565,30589.300227,0.0026214641607145,0.00740286797714343,1,1
0.00199447015442484,170,23904.21923799,30589.300227,0.000153240881055704,0.00383569942779397,1,0.985
-0.0004148371848374,349,24708.60242033,30589.300227,-0.00155421424519335,0.000724539875518552,-1,0.272
-0.000656491305026612,208,25512.98560267,30589.300227,-0.00206066319191506,0.000747680581861838,-1,0.194
0.000326652240219148,320,26317.36878501,30589.300227,-0.000786840480285026,0.00144014496072332,-1,0.703
0.000398963545774301,310,27121.75196735,30589.300227,-0.000814971516075152,0.00161289860762375,-1,0.732
0.000313961404388445,461,27926.13514969,30589.300227,-0.000642629719064007,0.0012705525278409,-1,0.714
-0.000556870396851698,539,28730.51833203,30589.300227,-0.0013710019636004,0.000257261169897003,-1,0.126
-0.00339186352655531,541,29534.90151437,30589.300227,-0.00416746287615481,-0.00261626417695581,1,0
-0.00502909770325618,315,30339.28469671,30589.300227,-0.00595540802834712,-0.00410278737816524,1,0
-0.00528211111914058,127,31143.66787905,30589.300227,-0.00687316297867205,-0.00369105925960911,1,0
-0.00469412609128226,60,31948.05106139,30589.300227,-0.00711104103162187,-0.00227721115094266,1,0
-0.00243347541163439,35,32752.43424373,30589.300227,-0.00548020646278945,0.000613255639520668,-1,0.104
-0.00480256364874444,12,33556.81742607,30589.300227,-0.00947838182251254,-0.000126745474976334,1,0.061
0.0144357365978026,15,20686.68650863,29739.2827762,0.00588421283084171,0.0229872603647636,1,0.999
0.00675574764207978,35,21491.06969097,29739.2827762,0.00126226240561268,0.0122492328785469,1,0.999
0.005756808699428,70,22295.45287331,29739.2827762,0.0019176712749075,0.00959594612394849,1,1
0.00599304626487293,97,23099.83605565,29739.2827762,0.00277888204881388,0.00920721048093198,1,1
0.00235738071919532,107,23904.21923799,29739.2827762,-0.000316903824998808,0.00503166526338945,-1,0.976
0.00211673027034718,129,24708.60242033,29739.2827762,-0.00016872603990073,0.00440218658059509,-1,0.974
0.00130021705357716,178,25512.98560267,29739.2827762,-0.000703605423394948,0.00330403953054926,-1,0.918
0.000932787256914248,358,26317.36878501,29739.2827762,-0.000256032835169565,0.00212160734899806,-1,0.945
-0.00215487012805477,374,27121.75196735,29739.2827762,-0.0032226026745354,-0.00108713758157414,1,0
-0.00275079080104688,327,27926.13514969,29739.2827762,-0.00391401368047547,-0.00158756792161829,1,0
-0.000459214599758105,579,28730.51833203,29739.2827762,-0.00131376666082333,0.000395337461307119,-1,0.176
-0.00512319864936046,352,29534.90151437,29739.2827762,-0.00613321788566775,-0.00411317941305317,1,0
-0.00795359618571717,28,30339.28469671,29739.2827762,-0.0110647106882526,-0.00484248168318172,1,0
0.00675574764207978,35,22295.45287331,28889.2653254,0.00126226240561268,0.0122492328785469,1,0.999
0.00460000083766966,290,23099.83605565,28889.2653254,0.00278915471214237,0.00641084696319695,1,1
0.00267604407191681,182,23904.21923799,28889.2653254,0.000480274289598663,0.00487181385423495,1,1
0.00178765302548611,174,24708.60242033,28889.2653254,-0.000278354379777152,0.00385366043074937,-1,0.977
-0.00138724915332211,260,25512.98560267,28889.2653254,-0.00273333776267422,-4.11605439700044e-05,1,0.033
-0.00309862752354253,127,26317.36878501,28889.2653254,-0.00484050301096611,-0.00135675203611895,1,0
-0.00376584545335714,312,27121.75196735,28889.2653254,-0.00486083043416683,-0.00267086047254744,1,0
-0.0093536564864583,36,27926.13514969,28889.2653254,-0.0120046144912501,-0.00670269848166651,1,0
